/*
SQLyog Ultimate v12.09 (64 bit)
MySQL - 5.6.24 : Database - ct_project
*********************************************************************
*/

/*!40101 SET NAMES utf8 */;

/*!40101 SET SQL_MODE=''*/;

/*!40014 SET @OLD_UNIQUE_CHECKS=@@UNIQUE_CHECKS, UNIQUE_CHECKS=0 */;
/*!40014 SET @OLD_FOREIGN_KEY_CHECKS=@@FOREIGN_KEY_CHECKS, FOREIGN_KEY_CHECKS=0 */;
/*!40101 SET @OLD_SQL_MODE=@@SQL_MODE, SQL_MODE='NO_AUTO_VALUE_ON_ZERO' */;
/*!40111 SET @OLD_SQL_NOTES=@@SQL_NOTES, SQL_NOTES=0 */;
CREATE DATABASE /*!32312 IF NOT EXISTS*/`ct_project` /*!40100 DEFAULT CHARACTER SET latin1 */;

USE `ct_project`;

/*Table structure for table `ct_call` */

DROP TABLE IF EXISTS `ct_call`;

CREATE TABLE `ct_call` (
  `id` int(11) NOT NULL AUTO_INCREMENT,
  `telid` int(11) DEFAULT NULL,
  `dateid` int(11) DEFAULT NULL,
  `sumcall` int(11) DEFAULT '0',
  `sumduration` int(11) DEFAULT '0',
  PRIMARY KEY (`id`)
) ENGINE=InnoDB AUTO_INCREMENT=1594 DEFAULT CHARSET=utf8 COLLATE=utf8_bin;

/*Data for the table `ct_call` */

insert  into `ct_call`(`id`,`telid`,`dateid`,`sumcall`,`sumduration`) values (289,18,1,53,82909),(290,18,2,4,4613),(291,18,18,1,2628),(292,18,25,2,34),(293,18,33,1,1951),(294,18,34,3,6932),(295,18,41,1,2771),(296,18,46,1,2104),(297,18,47,1,2057),(298,18,63,7,11304),(299,18,67,1,1039),(300,18,68,1,2978),(301,18,73,2,2675),(302,18,74,1,522),(303,18,82,1,2275),(304,18,90,1,1815),(305,18,95,4,7856),(306,18,107,1,944),(307,18,111,1,2485),(308,18,119,1,1989),(309,18,120,1,2438),(310,18,126,6,11902),(311,18,130,1,1204),(312,18,133,1,2897),(313,18,143,1,2751),(314,18,149,1,2057),(315,18,152,1,2483),(316,18,155,1,510),(317,18,158,4,2914),(318,18,165,1,362),(319,18,171,1,878),(320,18,178,2,1674),(321,18,189,4,5339),(322,18,208,1,1709),(323,18,210,2,2361),(324,18,219,1,1269),(325,18,221,3,4212),(326,18,224,1,2210),(327,18,236,1,1198),(328,18,244,1,804),(329,18,253,5,6880),(330,18,267,2,559),(331,18,280,2,3484),(332,18,282,1,2837),(333,18,284,6,6909),(334,18,285,1,1219),(335,18,290,2,1107),(336,18,304,1,1574),(337,18,306,1,2703),(338,18,315,1,306),(339,18,316,2,4804),(340,18,321,1,2091),(341,18,344,1,2713),(342,18,347,5,9244),(343,18,354,1,2283),(344,18,356,1,1665),(345,18,357,1,1725),(346,18,365,1,1303),(347,18,366,1,2268),(348,21,1,41,55012),(349,21,2,3,5292),(350,21,14,1,875),(351,21,25,2,4417),(352,21,34,3,5180),(353,21,41,1,897),(354,21,56,1,2328),(355,21,57,1,1955),(356,21,63,4,8561),(357,21,64,1,2851),(358,21,78,1,2566),(359,21,85,1,2581),(360,21,89,1,563),(361,21,95,5,3487),(362,21,107,1,944),(363,21,113,1,824),(364,21,123,1,1023),(365,21,124,1,23),(366,21,125,1,673),(367,21,126,2,2184),(368,21,141,1,1574),(369,21,148,1,610),(370,21,158,1,918),(371,21,159,1,918),(372,21,189,3,7387),(373,21,195,1,2863),(374,21,208,1,2383),(375,21,210,1,2141),(376,21,221,3,3122),(377,21,229,1,122),(378,21,237,2,3000),(379,21,253,6,7773),(380,21,257,1,741),(381,21,263,1,134),(382,21,266,1,1264),(383,21,274,1,1174),(384,21,279,1,1898),(385,21,282,1,2562),(386,21,284,4,2996),(387,21,293,1,268),(388,21,297,1,318),(389,21,311,1,2104),(390,21,315,1,306),(391,21,316,5,4583),(392,21,325,1,1668),(393,21,326,1,846),(394,21,332,1,673),(395,21,333,1,1220),(396,21,344,1,176),(397,21,347,2,3529),(398,21,367,1,2822),(399,21,368,1,707),(400,5,1,37,65778),(401,5,2,4,8012),(402,5,9,1,1625),(403,5,17,1,2115),(404,5,20,1,2421),(405,5,33,1,1851),(406,5,34,2,3454),(407,5,37,1,2215),(408,5,47,1,1239),(409,5,63,3,4918),(410,5,64,1,1479),(411,5,73,1,1796),(412,5,81,1,1643),(413,5,95,3,4314),(414,5,111,1,2485),(415,5,125,2,1829),(416,5,126,4,6463),(417,5,131,1,700),(418,5,135,1,2825),(419,5,138,1,1433),(420,5,139,1,1505),(421,5,158,1,1057),(422,5,186,1,1057),(423,5,189,5,11476),(424,5,204,1,2555),(425,5,208,1,1709),(426,5,215,1,2731),(427,5,220,2,4481),(428,5,221,2,3062),(429,5,230,1,2377),(430,5,240,1,685),(431,5,253,3,6993),(432,5,257,1,1779),(433,5,263,1,2652),(434,5,282,1,2562),(435,5,284,4,8333),(436,5,287,1,2005),(437,5,301,1,1333),(438,5,303,1,2636),(439,5,311,1,2359),(440,5,316,3,4944),(441,5,325,1,1668),(442,5,333,1,1220),(443,5,334,1,2056),(444,5,347,3,2752),(445,5,355,1,1680),(446,5,373,1,625),(447,5,374,1,447),(448,2,1,46,65139),(449,2,2,1,1585),(450,2,6,1,1585),(451,2,34,4,6770),(452,2,37,1,2215),(453,2,43,1,1679),(454,2,46,1,2395),(455,2,60,1,481),(456,2,63,4,4071),(457,2,74,2,2028),(458,2,81,1,1643),(459,2,83,1,400),(460,2,95,3,4142),(461,2,109,1,2196),(462,2,120,1,781),(463,2,121,1,1165),(464,2,126,5,7484),(465,2,138,1,2393),(466,2,141,1,1574),(467,2,146,1,779),(468,2,150,1,72),(469,2,151,1,2666),(470,2,158,3,3075),(471,2,175,1,1221),(472,2,179,1,204),(473,2,184,1,1650),(474,2,221,5,9818),(475,2,232,1,2988),(476,2,236,1,1198),(477,2,240,1,2774),(478,2,244,1,888),(479,2,250,1,1970),(480,2,253,5,4855),(481,2,267,2,1968),(482,2,272,1,470),(483,2,277,1,1056),(484,2,280,1,1361),(485,2,284,10,15874),(486,2,288,1,1200),(487,2,296,2,777),(488,2,297,1,1925),(489,2,308,2,4356),(490,2,311,1,2922),(491,2,312,2,3171),(492,2,314,1,1523),(493,2,316,5,6840),(494,2,321,1,131),(495,2,332,1,1100),(496,2,337,1,2416),(497,2,344,1,2713),(498,2,346,1,480),(499,2,347,1,625),(500,2,373,1,625),(501,6,1,34,55249),(502,6,2,5,9978),(503,6,3,1,1203),(504,6,5,1,1098),(505,6,13,1,2642),(506,6,18,1,2076),(507,6,19,1,2959),(508,6,34,3,8261),(509,6,46,1,2481),(510,6,48,1,2929),(511,6,62,1,2851),(512,6,63,1,1423),(513,6,64,1,1423),(514,6,95,2,3147),(515,6,105,1,1258),(516,6,122,1,1889),(517,6,126,3,5017),(518,6,127,1,1074),(519,6,137,1,1652),(520,6,149,1,2291),(521,6,158,1,1816),(522,6,161,1,1816),(523,6,189,3,3136),(524,6,215,1,85),(525,6,218,2,3051),(526,6,221,1,2554),(527,6,245,1,2554),(528,6,253,2,1176),(529,6,257,1,706),(530,6,272,1,470),(531,6,284,4,7842),(532,6,287,1,2190),(533,6,293,1,2315),(534,6,303,1,1697),(535,6,308,1,1640),(536,6,316,6,6144),(537,6,320,1,984),(538,6,321,1,2091),(539,6,322,1,2217),(540,6,323,1,12),(541,6,327,1,762),(542,6,332,1,78),(543,6,347,3,4755),(544,6,360,1,1184),(545,6,365,1,1303),(546,6,366,1,2268),(547,22,1,47,74672),(548,22,2,4,4950),(549,22,3,1,2711),(550,22,5,1,276),(551,22,23,1,1955),(552,22,25,1,8),(553,22,34,3,7305),(554,22,38,1,2822),(555,22,42,1,2088),(556,22,46,1,2395),(557,22,63,2,2763),(558,22,79,1,1160),(559,22,88,1,1603),(560,22,95,3,1460),(561,22,115,1,506),(562,22,116,1,297),(563,22,118,1,657),(564,22,126,4,5321),(565,22,132,1,1981),(566,22,136,1,788),(567,22,146,1,1700),(568,22,149,1,852),(569,22,158,5,7863),(570,22,165,1,1454),(571,22,170,1,1359),(572,22,179,1,204),(573,22,183,1,1969),(574,22,187,1,2877),(575,22,189,5,8197),(576,22,196,1,2906),(577,22,201,1,1652),(578,22,205,1,488),(579,22,207,1,1024),(580,22,213,1,2127),(581,22,221,8,16805),(582,22,224,1,2210),(583,22,225,1,1651),(584,22,229,1,2896),(585,22,238,2,3427),(586,22,239,1,1797),(587,22,243,1,1995),(588,22,250,1,2829),(589,22,253,3,7309),(590,22,269,1,2395),(591,22,270,1,2416),(592,22,279,1,2498),(593,22,284,6,6374),(594,22,288,1,2840),(595,22,292,1,122),(596,22,293,1,268),(597,22,294,1,152),(598,22,297,1,259),(599,22,311,1,2733),(600,22,316,2,3256),(601,22,327,1,762),(602,22,343,1,2494),(603,22,347,2,3069),(604,22,359,1,1266),(605,22,366,1,1803),(606,17,1,40,62892),(607,17,2,5,8394),(608,17,7,2,2564),(609,17,15,1,1786),(610,17,22,2,4044),(611,17,34,2,2622),(612,17,53,1,1613),(613,17,55,1,1009),(614,17,63,4,5438),(615,17,75,1,1917),(616,17,79,1,1160),(617,17,86,1,1074),(618,17,88,1,1287),(619,17,126,5,6678),(620,17,127,1,1074),(621,17,135,1,647),(622,17,138,1,1433),(623,17,140,1,627),(624,17,147,1,2897),(625,17,158,3,3607),(626,17,160,1,892),(627,17,165,1,153),(628,17,169,1,2562),(629,17,189,4,10844),(630,17,190,1,2359),(631,17,196,1,2906),(632,17,202,1,2891),(633,17,216,1,2688),(634,17,221,3,4119),(635,17,233,1,2427),(636,17,244,2,1692),(637,17,253,5,7879),(638,17,254,1,546),(639,17,260,1,2960),(640,17,267,1,1702),(641,17,269,1,1198),(642,17,283,1,1473),(643,17,284,5,9338),(644,17,293,1,2315),(645,17,294,1,677),(646,17,300,1,2771),(647,17,310,1,816),(648,17,314,1,2759),(649,17,316,3,2972),(650,17,326,1,846),(651,17,327,1,2048),(652,17,332,1,78),(653,17,347,1,1001),(654,17,377,1,1001),(655,25,1,39,69330),(656,25,2,3,3396),(657,25,4,1,2682),(658,25,8,1,328),(659,25,16,1,386),(660,25,34,3,4912),(661,25,47,1,1169),(662,25,49,1,1587),(663,25,54,1,2156),(664,25,63,4,5907),(665,25,66,1,901),(666,25,72,1,1638),(667,25,74,1,1903),(668,25,86,1,1465),(669,25,95,3,5890),(670,25,99,1,1020),(671,25,102,1,2138),(672,25,120,1,2732),(673,25,126,3,4202),(674,25,135,1,590),(675,25,138,2,3612),(676,25,158,4,8138),(677,25,173,1,472),(678,25,182,2,4789),(679,25,187,1,2877),(680,25,189,6,8613),(681,25,190,1,901),(682,25,193,1,1364),(683,25,196,1,1881),(684,25,209,1,1559),(685,25,215,1,2731),(686,25,220,1,177),(687,25,253,2,4386),(688,25,260,1,2913),(689,25,283,1,1473),(690,25,284,6,12449),(691,25,293,1,1759),(692,25,297,1,259),(693,25,300,1,2650),(694,25,311,2,5022),(695,25,314,1,2759),(696,25,316,3,6121),(697,25,332,1,2132),(698,25,341,1,2245),(699,25,345,1,1744),(700,25,347,2,5316),(701,25,348,1,2722),(702,25,368,1,2594),(703,10,1,49,74940),(704,10,2,4,6920),(705,10,4,1,2682),(706,10,9,1,1625),(707,10,10,1,2587),(708,10,25,1,26),(709,10,34,4,8192),(710,10,35,1,2375),(711,10,39,1,2707),(712,10,42,1,2795),(713,10,49,1,315),(714,10,63,6,7147),(715,10,64,1,1423),(716,10,71,1,2737),(717,10,72,1,164),(718,10,85,1,229),(719,10,86,1,1465),(720,10,87,1,1129),(721,10,95,3,6549),(722,10,99,1,2942),(723,10,121,1,1165),(724,10,124,1,2442),(725,10,126,3,6980),(726,10,133,1,2458),(727,10,141,2,4522),(728,10,158,2,1105),(729,10,167,1,227),(730,10,171,1,878),(731,10,189,8,10784),(732,10,197,2,850),(733,10,202,1,2891),(734,10,208,1,2866),(735,10,209,1,1629),(736,10,216,1,1437),(737,10,217,1,934),(738,10,220,1,177),(739,10,221,4,10192),(740,10,225,1,2189),(741,10,232,1,2988),(742,10,243,1,2461),(743,10,245,1,2554),(744,10,253,5,5158),(745,10,266,2,1837),(746,10,268,1,1699),(747,10,269,1,1167),(748,10,278,1,455),(749,10,284,3,2689),(750,10,287,1,2190),(751,10,290,1,377),(752,10,292,1,122),(753,10,316,4,5323),(754,10,321,1,131),(755,10,327,1,1036),(756,10,332,1,2306),(757,10,338,1,1850),(758,10,347,3,3901),(759,10,352,1,1702),(760,10,365,1,1161),(761,10,370,1,1038),(762,11,1,37,64129),(763,11,2,2,3540),(764,11,6,1,1585),(765,11,23,1,1955),(766,11,34,6,7969),(767,11,35,2,378),(768,11,41,1,897),(769,11,42,2,4590),(770,11,46,1,2104),(771,11,63,5,11540),(772,11,67,1,2610),(773,11,68,1,2978),(774,11,70,1,1579),(775,11,72,1,1638),(776,11,89,1,2735),(777,11,95,1,1020),(778,11,99,1,1020),(779,11,126,2,3447),(780,11,140,1,1747),(781,11,146,1,1700),(782,11,158,2,3073),(783,11,167,1,2366),(784,11,171,1,707),(785,11,189,3,4941),(786,11,197,1,654),(787,11,206,1,1362),(788,11,210,1,2925),(789,11,221,2,2658),(790,11,229,1,122),(791,11,234,1,2536),(792,11,253,3,5376),(793,11,256,1,145),(794,11,259,1,2668),(795,11,273,1,2563),(796,11,284,3,5875),(797,11,290,1,2594),(798,11,297,1,318),(799,11,306,1,2963),(800,11,316,3,6224),(801,11,332,1,1100),(802,11,338,2,5124),(803,11,347,5,8466),(804,11,348,1,1253),(805,11,352,1,1702),(806,11,359,1,2519),(807,11,370,1,1055),(808,11,374,1,1937),(809,16,1,34,56611),(810,16,2,2,5159),(811,16,10,1,2587),(812,16,29,1,2572),(813,16,34,2,4066),(814,16,51,1,2848),(815,16,60,1,1218),(816,16,95,3,4755),(817,16,99,1,2942),(818,16,118,1,657),(819,16,125,1,1156),(820,16,126,4,7798),(821,16,131,1,2787),(822,16,133,1,1165),(823,16,136,1,1591),(824,16,150,1,2255),(825,16,158,2,2901),(826,16,160,1,892),(827,16,188,1,2009),(828,16,189,3,2925),(829,16,205,1,488),(830,16,206,1,1930),(831,16,217,1,507),(832,16,221,5,8152),(833,16,223,1,345),(834,16,231,1,2613),(835,16,235,1,2617),(836,16,249,1,607),(837,16,250,1,1970),(838,16,253,2,3529),(839,16,260,1,1113),(840,16,270,1,2416),(841,16,284,5,8224),(842,16,297,1,2134),(843,16,307,1,537),(844,16,310,1,930),(845,16,311,1,2663),(846,16,314,1,1960),(847,16,316,2,1212),(848,16,327,1,1036),(849,16,344,1,176),(850,16,347,4,7890),(851,16,348,1,1583),(852,16,354,1,2108),(853,16,355,1,1680),(854,16,359,1,2519),(855,8,1,42,57966),(856,8,2,5,5764),(857,8,8,1,328),(858,8,12,1,1946),(859,8,14,1,875),(860,8,18,1,2076),(861,8,27,1,539),(862,8,34,5,6085),(863,8,42,1,641),(864,8,47,2,3954),(865,8,55,1,1009),(866,8,60,1,481),(867,8,63,2,2504),(868,8,66,1,901),(869,8,88,1,1603),(870,8,95,3,3967),(871,8,120,1,1837),(872,8,121,1,241),(873,8,122,1,1889),(874,8,126,3,3675),(875,8,133,1,2458),(876,8,135,1,590),(877,8,140,1,627),(878,8,158,1,2562),(879,8,169,1,2562),(880,8,189,2,4339),(881,8,190,1,2359),(882,8,220,1,1980),(883,8,253,7,10207),(884,8,261,1,636),(885,8,269,1,1198),(886,8,274,1,300),(887,8,277,1,1993),(888,8,279,1,2498),(889,8,283,2,3582),(890,8,284,5,7122),(891,8,296,1,240),(892,8,297,1,2134),(893,8,299,1,8),(894,8,303,1,2636),(895,8,311,1,2104),(896,8,316,7,9882),(897,8,318,1,33),(898,8,326,1,153),(899,8,329,1,1401),(900,8,337,2,3426),(901,8,338,1,2296),(902,8,340,1,2573),(903,8,347,2,1859),(904,8,348,1,1583),(905,8,361,1,276),(906,14,1,53,82803),(907,14,2,6,7233),(908,14,3,1,2181),(909,14,15,1,1786),(910,14,16,2,776),(911,14,27,1,539),(912,14,33,1,1951),(913,14,34,5,6154),(914,14,40,1,678),(915,14,46,1,2481),(916,14,54,1,317),(917,14,59,1,657),(918,14,62,1,2021),(919,14,63,3,4253),(920,14,78,1,2566),(921,14,83,1,400),(922,14,88,1,1287),(923,14,95,4,5744),(924,14,102,1,1356),(925,14,104,1,2760),(926,14,110,1,384),(927,14,124,1,1244),(928,14,126,3,4081),(929,14,136,1,1591),(930,14,142,1,632),(931,14,144,1,1858),(932,14,158,2,3670),(933,14,181,1,1701),(934,14,183,1,1969),(935,14,189,7,13045),(936,14,193,1,1364),(937,14,195,1,2863),(938,14,204,1,2380),(939,14,206,1,1814),(940,14,215,1,1934),(941,14,218,1,189),(942,14,220,1,2501),(943,14,221,5,9024),(944,14,230,1,2377),(945,14,231,1,789),(946,14,243,1,2461),(947,14,249,1,1182),(948,14,251,1,2215),(949,14,253,1,2263),(950,14,279,1,2263),(951,14,284,6,8994),(952,14,287,1,784),(953,14,291,1,1935),(954,14,297,1,1925),(955,14,304,1,1574),(956,14,310,1,816),(957,14,314,1,1960),(958,14,316,6,10289),(959,14,332,1,2306),(960,14,333,1,164),(961,14,334,1,1948),(962,14,338,1,1348),(963,14,340,1,2931),(964,14,344,1,1592),(965,14,347,5,8053),(966,14,355,1,1993),(967,14,357,1,811),(968,14,359,1,1266),(969,14,365,1,1161),(970,14,367,1,2822),(971,12,1,37,62297),(972,12,2,2,4270),(973,12,3,1,1820),(974,12,12,1,2450),(975,12,34,4,5674),(976,12,35,2,2652),(977,12,39,1,2707),(978,12,49,1,315),(979,12,63,1,563),(980,12,89,1,563),(981,12,95,1,2760),(982,12,104,1,2760),(983,12,126,5,8411),(984,12,133,1,945),(985,12,143,1,2751),(986,12,144,1,2008),(987,12,152,2,2707),(988,12,158,1,1650),(989,12,184,1,1650),(990,12,189,4,6672),(991,12,197,1,196),(992,12,209,2,3551),(993,12,210,1,2925),(994,12,221,4,7033),(995,12,224,1,2396),(996,12,225,1,1651),(997,12,236,1,1208),(998,12,238,1,1778),(999,12,253,5,6367),(1000,12,263,1,2652),(1001,12,268,1,490),(1002,12,274,1,300),(1003,12,279,1,2808),(1004,12,281,1,117),(1005,12,284,6,12272),(1006,12,290,1,1493),(1007,12,303,1,1697),(1008,12,306,1,2703),(1009,12,308,1,2716),(1010,12,310,1,930),(1011,12,311,1,2733),(1012,12,316,1,2217),(1013,12,322,1,2217),(1014,12,347,3,4408),(1015,12,354,1,2283),(1016,12,359,1,1418),(1017,12,368,1,707),(1018,7,1,49,77046),(1019,7,2,3,6392),(1020,7,18,1,2628),(1021,7,22,2,3764),(1022,7,34,3,7722),(1023,7,41,1,2771),(1024,7,42,1,2795),(1025,7,54,1,2156),(1026,7,63,2,4275),(1027,7,64,1,2851),(1028,7,66,1,1424),(1029,7,95,4,3945),(1030,7,105,1,1412),(1031,7,109,1,376),(1032,7,118,1,1134),(1033,7,123,1,1023),(1034,7,126,6,9606),(1035,7,131,1,2787),(1036,7,135,1,647),(1037,7,137,1,2891),(1038,7,143,1,1793),(1039,7,149,1,479),(1040,7,152,1,1009),(1041,7,158,4,4288),(1042,7,173,1,472),(1043,7,178,2,1674),(1044,7,182,1,2142),(1045,7,189,1,1881),(1046,7,196,1,1881),(1047,7,221,4,6216),(1048,7,228,1,802),(1049,7,237,1,878),(1050,7,238,1,1649),(1051,7,247,1,2887),(1052,7,253,5,7627),(1053,7,257,1,1779),(1054,7,263,1,134),(1055,7,274,1,1280),(1056,7,280,1,2123),(1057,7,283,1,2311),(1058,7,284,6,11746),(1059,7,288,2,5411),(1060,7,290,1,2674),(1061,7,300,1,368),(1062,7,304,1,1277),(1063,7,311,1,2016),(1064,7,316,6,8063),(1065,7,318,1,33),(1066,7,323,1,12),(1067,7,327,1,2048),(1068,7,332,1,2132),(1069,7,337,1,1010),(1070,7,338,1,2828),(1071,7,347,5,5285),(1072,7,354,1,1389),(1073,7,355,1,1993),(1074,7,360,1,1184),(1075,7,370,1,483),(1076,7,373,1,236),(1077,9,1,33,58637),(1078,9,34,2,5353),(1079,9,42,1,2502),(1080,9,62,1,2851),(1081,9,63,3,3209),(1082,9,82,1,2275),(1083,9,85,1,229),(1084,9,92,1,705),(1085,9,126,4,7768),(1086,9,129,1,1666),(1087,9,133,1,2897),(1088,9,139,1,1505),(1089,9,151,1,1700),(1090,9,158,2,3958),(1091,9,161,1,1816),(1092,9,182,1,2142),(1093,9,189,1,1024),(1094,9,207,1,1024),(1095,9,221,6,13274),(1096,9,230,1,959),(1097,9,231,1,2613),(1098,9,234,1,2536),(1099,9,237,1,2122),(1100,9,250,1,2829),(1101,9,251,1,2215),(1102,9,253,4,8799),(1103,9,260,1,2913),(1104,9,277,2,3049),(1105,9,282,1,2837),(1106,9,284,3,4732),(1107,9,296,1,537),(1108,9,301,1,2918),(1109,9,304,1,1277),(1110,9,316,7,9267),(1111,9,324,1,486),(1112,9,327,1,819),(1113,9,329,1,1401),(1114,9,331,1,1723),(1115,9,332,1,673),(1116,9,340,1,2573),(1117,9,344,1,1592),(1118,9,347,1,1253),(1119,9,348,1,1253),(1120,13,1,44,67643),(1121,13,2,2,2612),(1122,13,17,1,1707),(1123,13,22,1,905),(1124,13,34,6,8907),(1125,13,37,1,1839),(1126,13,42,1,641),(1127,13,47,1,2785),(1128,13,49,1,1587),(1129,13,53,1,1613),(1130,13,60,1,442),(1131,13,63,1,2490),(1132,13,74,1,2490),(1133,13,95,5,9503),(1134,13,104,1,2373),(1135,13,118,1,1134),(1136,13,120,2,3513),(1137,13,124,1,2483),(1138,13,126,3,5021),(1139,13,132,1,1981),(1140,13,141,1,2457),(1141,13,154,1,583),(1142,13,158,2,2416),(1143,13,170,1,1359),(1144,13,186,1,1057),(1145,13,189,3,2472),(1146,13,190,1,901),(1147,13,200,1,637),(1148,13,217,1,934),(1149,13,221,3,4373),(1150,13,241,1,1771),(1151,13,243,1,1995),(1152,13,249,1,607),(1153,13,253,8,13924),(1154,13,259,1,2668),(1155,13,268,1,1699),(1156,13,269,1,2395),(1157,13,273,2,3906),(1158,13,278,1,838),(1159,13,281,2,2418),(1160,13,284,4,4757),(1161,13,300,1,864),(1162,13,305,1,462),(1163,13,306,1,2963),(1164,13,311,1,468),(1165,13,316,3,4443),(1166,13,333,1,164),(1167,13,338,1,1348),(1168,13,340,1,2931),(1169,13,347,4,6725),(1170,13,357,1,1725),(1171,13,363,1,2275),(1172,13,366,1,1803),(1173,13,374,1,922),(1174,15,1,43,67759),(1175,15,2,5,10205),(1176,15,8,1,2099),(1177,15,18,1,2890),(1178,15,19,1,2959),(1179,15,22,1,1499),(1180,15,25,1,758),(1181,15,34,6,8738),(1182,15,36,1,1905),(1183,15,40,1,678),(1184,15,47,1,2057),(1185,15,51,1,2338),(1186,15,54,2,1760),(1187,15,63,4,8473),(1188,15,71,1,2737),(1189,15,74,1,2490),(1190,15,75,1,1917),(1191,15,93,1,1329),(1192,15,95,4,5871),(1193,15,100,1,2326),(1194,15,101,1,2424),(1195,15,113,1,824),(1196,15,116,1,297),(1197,15,126,5,5769),(1198,15,149,2,1331),(1199,15,150,1,72),(1200,15,151,2,4366),(1201,15,158,2,3452),(1202,15,165,1,1454),(1203,15,171,1,1998),(1204,15,221,3,5425),(1205,15,233,1,2427),(1206,15,235,1,111),(1207,15,247,1,2887),(1208,15,253,5,6009),(1209,15,255,1,2975),(1210,15,261,1,636),(1211,15,266,1,573),(1212,15,267,1,293),(1213,15,269,1,1532),(1214,15,284,3,6353),(1215,15,288,1,2571),(1216,15,300,1,864),(1217,15,301,1,2918),(1218,15,316,3,2864),(1219,15,327,1,171),(1220,15,335,1,213),(1221,15,341,1,2480),(1222,15,347,3,4600),(1223,15,354,1,2108),(1224,15,359,1,2370),(1225,15,378,1,122),(1226,20,1,53,75179),(1227,20,2,8,15929),(1228,20,7,2,2564),(1229,20,12,1,2450),(1230,20,13,1,2642),(1231,20,16,1,390),(1232,20,18,1,2890),(1233,20,20,1,2421),(1234,20,29,1,2572),(1235,20,34,1,442),(1236,20,60,1,442),(1237,20,63,6,10775),(1238,20,70,1,1579),(1239,20,74,1,1506),(1240,20,85,1,2581),(1241,20,86,1,1074),(1242,20,89,1,2735),(1243,20,94,1,1300),(1244,20,95,3,4638),(1245,20,105,1,1258),(1246,20,120,1,938),(1247,20,124,1,2442),(1248,20,126,7,9685),(1249,20,137,1,2891),(1250,20,138,1,1219),(1251,20,142,1,632),(1252,20,143,1,1793),(1253,20,149,1,2057),(1254,20,154,1,583),(1255,20,155,1,510),(1256,20,158,1,362),(1257,20,165,1,362),(1258,20,189,7,7761),(1259,20,204,1,2766),(1260,20,208,1,2383),(1261,20,210,1,220),(1262,20,215,3,2203),(1263,20,218,1,189),(1264,20,221,4,5470),(1265,20,228,1,802),(1266,20,230,1,1814),(1267,20,241,1,1771),(1268,20,250,1,1083),(1269,20,253,4,6884),(1270,20,260,1,1113),(1271,20,268,1,1836),(1272,20,274,1,2789),(1273,20,276,1,1146),(1274,20,284,4,3087),(1275,20,287,1,2005),(1276,20,294,1,152),(1277,20,305,1,462),(1278,20,311,1,468),(1279,20,316,4,5797),(1280,20,325,1,1156),(1281,20,334,1,1948),(1282,20,335,1,213),(1283,20,341,1,2480),(1284,20,347,4,4349),(1285,20,354,1,1843),(1286,20,374,2,2384),(1287,20,378,1,122),(1288,4,1,41,50632),(1289,4,2,3,3812),(1290,4,3,1,1203),(1291,4,25,1,758),(1292,4,33,1,1851),(1293,4,34,3,3452),(1294,4,35,1,101),(1295,4,43,1,1679),(1296,4,55,1,1672),(1297,4,63,3,3432),(1298,4,66,1,1424),(1299,4,73,1,879),(1300,4,87,1,1129),(1301,4,95,3,2606),(1302,4,109,1,376),(1303,4,119,1,1989),(1304,4,121,1,241),(1305,4,126,5,8010),(1306,4,131,1,700),(1307,4,135,1,2825),(1308,4,144,1,2008),(1309,4,146,1,779),(1310,4,152,1,1698),(1311,4,158,2,2916),(1312,4,159,1,918),(1313,4,171,1,1998),(1314,4,189,3,2420),(1315,4,194,1,196),(1316,4,199,1,232),(1317,4,209,1,1992),(1318,4,221,3,4438),(1319,4,224,1,2396),(1320,4,230,1,959),(1321,4,250,1,1083),(1322,4,253,7,6233),(1323,4,256,1,145),(1324,4,268,1,490),(1325,4,274,2,1790),(1326,4,278,1,838),(1327,4,281,1,1699),(1328,4,283,1,1271),(1329,4,284,4,4783),(1330,4,288,1,1993),(1331,4,290,1,730),(1332,4,307,1,537),(1333,4,314,1,1523),(1334,4,316,2,2725),(1335,4,341,1,2245),(1336,4,346,1,480),(1337,4,347,3,5805),(1338,4,348,1,2722),(1339,4,356,1,1665),(1340,4,359,1,1418),(1341,1,1,40,54462),(1342,1,2,3,5418),(1343,1,12,1,1946),(1344,1,22,1,1499),(1345,1,25,1,1973),(1346,1,34,2,4359),(1347,1,51,1,2338),(1348,1,62,1,2021),(1349,1,63,1,765),(1350,1,75,1,765),(1351,1,95,4,7987),(1352,1,102,1,2138),(1353,1,105,1,1412),(1354,1,106,1,1954),(1355,1,124,1,2483),(1356,1,126,3,4600),(1357,1,136,1,788),(1358,1,140,1,1747),(1359,1,141,1,2065),(1360,1,158,4,3736),(1361,1,171,1,707),(1362,1,175,1,1221),(1363,1,180,1,107),(1364,1,181,1,1701),(1365,1,189,3,3187),(1366,1,194,1,196),(1367,1,206,1,1362),(1368,1,209,1,1629),(1369,1,221,5,5929),(1370,1,223,2,1184),(1371,1,231,1,789),(1372,1,240,1,2774),(1373,1,249,1,1182),(1374,1,253,4,8157),(1375,1,260,1,2960),(1376,1,264,1,1046),(1377,1,273,1,1343),(1378,1,279,1,2808),(1379,1,284,3,2264),(1380,1,285,1,1219),(1381,1,294,1,677),(1382,1,300,1,368),(1383,1,316,4,5737),(1384,1,322,1,2200),(1385,1,326,1,153),(1386,1,327,2,3384),(1387,1,347,4,2323),(1388,1,356,1,889),(1389,1,361,1,276),(1390,1,373,1,236),(1391,1,374,1,922),(1392,19,1,44,66594),(1393,19,2,5,9184),(1394,19,3,1,1820),(1395,19,5,1,1098),(1396,19,17,2,3822),(1397,19,25,1,2444),(1398,19,34,4,5896),(1399,19,47,1,1239),(1400,19,55,1,1672),(1401,19,56,1,2328),(1402,19,59,1,657),(1403,19,63,5,7048),(1404,19,65,1,1676),(1405,19,67,1,2610),(1406,19,72,1,164),(1407,19,77,1,1841),(1408,19,80,1,757),(1409,19,95,3,5437),(1410,19,100,1,2326),(1411,19,103,1,1118),(1412,19,118,1,1993),(1413,19,126,3,5491),(1414,19,133,1,945),(1415,19,149,1,2291),(1416,19,150,1,2255),(1417,19,158,2,2236),(1418,19,167,1,227),(1419,19,188,1,2009),(1420,19,189,6,8424),(1421,19,200,1,637),(1422,19,201,1,1652),(1423,19,204,1,2555),(1424,19,213,1,2127),(1425,19,215,1,184),(1426,19,219,1,1269),(1427,19,221,3,2747),(1428,19,223,1,839),(1429,19,235,1,111),(1430,19,239,1,1797),(1431,19,253,4,5814),(1432,19,268,1,1836),(1433,19,269,1,1167),(1434,19,274,1,510),(1435,19,281,1,2301),(1436,19,284,2,3428),(1437,19,290,1,1493),(1438,19,291,1,1935),(1439,19,316,2,3006),(1440,19,325,1,1156),(1441,19,338,1,1850),(1442,19,347,5,7883),(1443,19,354,1,1389),(1444,19,357,1,811),(1445,19,359,1,2370),(1446,19,363,1,2275),(1447,19,370,1,1038),(1448,3,1,44,83911),(1449,3,2,3,5805),(1450,3,3,1,2711),(1451,3,8,1,2099),(1452,3,19,1,995),(1453,3,34,7,13949),(1454,3,36,1,1905),(1455,3,37,1,1839),(1456,3,38,1,2822),(1457,3,54,1,1443),(1458,3,56,1,2767),(1459,3,57,1,1955),(1460,3,60,1,1218),(1461,3,63,2,3744),(1462,3,74,1,1903),(1463,3,77,1,1841),(1464,3,95,10,15570),(1465,3,101,1,2424),(1466,3,102,1,1356),(1467,3,103,1,1118),(1468,3,104,1,2373),(1469,3,109,1,2196),(1470,3,110,1,384),(1471,3,115,1,506),(1472,3,120,3,5213),(1473,3,126,2,3062),(1474,3,130,1,1204),(1475,3,144,1,1858),(1476,3,158,3,7155),(1477,3,167,1,2366),(1478,3,182,2,4789),(1479,3,189,2,4618),(1480,3,206,1,1930),(1481,3,216,1,2688),(1482,3,221,3,7327),(1483,3,229,1,2896),(1484,3,230,1,1814),(1485,3,235,1,2617),(1486,3,253,3,4857),(1487,3,257,1,706),(1488,3,265,1,2452),(1489,3,281,1,1699),(1490,3,284,4,10046),(1491,3,290,1,2594),(1492,3,293,1,1759),(1493,3,300,1,2771),(1494,3,311,1,2922),(1495,3,316,3,6294),(1496,3,334,1,2056),(1497,3,343,1,2494),(1498,3,345,1,1744),(1499,3,347,2,1484),(1500,3,370,1,483),(1501,3,377,1,1001),(1502,23,1,33,49181),(1503,23,2,4,4637),(1504,23,3,1,2181),(1505,23,5,1,276),(1506,23,19,1,995),(1507,23,22,1,1185),(1508,23,34,3,8544),(1509,23,48,1,2929),(1510,23,51,1,2848),(1511,23,56,1,2767),(1512,23,63,2,2244),(1513,23,64,1,1479),(1514,23,75,1,765),(1515,23,95,1,1954),(1516,23,106,1,1954),(1517,23,126,2,3093),(1518,23,148,1,610),(1519,23,152,1,2483),(1520,23,189,1,1470),(1521,23,218,1,1470),(1522,23,221,2,3397),(1523,23,225,1,2189),(1524,23,236,1,1208),(1525,23,253,6,8091),(1526,23,257,1,741),(1527,23,264,1,1046),(1528,23,265,1,2452),(1529,23,269,1,1532),(1530,23,274,1,1174),(1531,23,276,1,1146),(1532,23,284,6,6439),(1533,23,287,1,784),(1534,23,288,1,1200),(1535,23,299,1,8),(1536,23,301,1,1333),(1537,23,311,1,2016),(1538,23,312,1,1098),(1539,23,316,3,4774),(1540,23,324,1,486),(1541,23,327,1,2565),(1542,23,331,1,1723),(1543,23,347,3,4538),(1544,23,356,1,889),(1545,23,368,1,2594),(1546,23,370,1,1055),(1547,24,1,39,59303),(1548,24,63,7,8621),(1549,24,65,1,1676),(1550,24,67,1,1039),(1551,24,80,1,757),(1552,24,90,1,1815),(1553,24,92,1,705),(1554,24,93,1,1329),(1555,24,94,1,1300),(1556,24,95,3,3260),(1557,24,118,1,1993),(1558,24,124,2,1267),(1559,24,126,4,7380),(1560,24,129,1,1666),(1561,24,133,1,1165),(1562,24,137,1,1652),(1563,24,147,1,2897),(1564,24,158,2,260),(1565,24,165,1,153),(1566,24,180,1,107),(1567,24,189,8,13583),(1568,24,199,1,232),(1569,24,204,2,5146),(1570,24,206,1,1814),(1571,24,208,1,2866),(1572,24,216,1,1437),(1573,24,217,1,507),(1574,24,218,1,1581),(1575,24,221,1,685),(1576,24,240,1,685),(1577,24,253,6,10926),(1578,24,254,1,546),(1579,24,255,1,2975),(1580,24,274,1,2789),(1581,24,278,1,455),(1582,24,279,2,4161),(1583,24,284,4,9390),(1584,24,288,1,1993),(1585,24,290,1,2674),(1586,24,300,1,2650),(1587,24,312,1,2073),(1588,24,316,3,3355),(1589,24,320,1,984),(1590,24,322,1,2200),(1591,24,327,1,171),(1592,24,347,1,1843),(1593,24,354,1,1843);

/*Table structure for table `ct_date` */

DROP TABLE IF EXISTS `ct_date`;

CREATE TABLE `ct_date` (
  `id` int(11) NOT NULL AUTO_INCREMENT,
  `year` varchar(255) DEFAULT NULL,
  `month` varchar(255) DEFAULT NULL,
  `day` varchar(255) DEFAULT NULL,
  PRIMARY KEY (`id`)
) ENGINE=InnoDB AUTO_INCREMENT=379 DEFAULT CHARSET=utf8;

/*Data for the table `ct_date` */

insert  into `ct_date`(`id`,`year`,`month`,`day`) values (1,'2018','',''),(2,'2018','1',''),(3,'2018','1','1'),(4,'2018','1','2'),(5,'2018','1','3'),(6,'2018','1','4'),(7,'2018','1','5'),(8,'2018','1','6'),(9,'2018','1','7'),(10,'2018','1','8'),(11,'2018','1','9'),(12,'2018','1','10'),(13,'2018','1','11'),(14,'2018','1','12'),(15,'2018','1','13'),(16,'2018','1','14'),(17,'2018','1','15'),(18,'2018','1','16'),(19,'2018','1','17'),(20,'2018','1','18'),(21,'2018','1','19'),(22,'2018','1','20'),(23,'2018','1','21'),(24,'2018','1','22'),(25,'2018','1','23'),(26,'2018','1','24'),(27,'2018','1','25'),(28,'2018','1','26'),(29,'2018','1','27'),(30,'2018','1','28'),(31,'2018','1','29'),(32,'2018','1','30'),(33,'2018','1','31'),(34,'2018','2',''),(35,'2018','2','1'),(36,'2018','2','2'),(37,'2018','2','3'),(38,'2018','2','4'),(39,'2018','2','5'),(40,'2018','2','6'),(41,'2018','2','7'),(42,'2018','2','8'),(43,'2018','2','9'),(44,'2018','2','10'),(45,'2018','2','11'),(46,'2018','2','12'),(47,'2018','2','13'),(48,'2018','2','14'),(49,'2018','2','15'),(50,'2018','2','16'),(51,'2018','2','17'),(52,'2018','2','18'),(53,'2018','2','19'),(54,'2018','2','20'),(55,'2018','2','21'),(56,'2018','2','22'),(57,'2018','2','23'),(58,'2018','2','24'),(59,'2018','2','25'),(60,'2018','2','26'),(61,'2018','2','27'),(62,'2018','2','28'),(63,'2018','3',''),(64,'2018','3','1'),(65,'2018','3','2'),(66,'2018','3','3'),(67,'2018','3','4'),(68,'2018','3','5'),(69,'2018','3','6'),(70,'2018','3','7'),(71,'2018','3','8'),(72,'2018','3','9'),(73,'2018','3','10'),(74,'2018','3','11'),(75,'2018','3','12'),(76,'2018','3','13'),(77,'2018','3','14'),(78,'2018','3','15'),(79,'2018','3','16'),(80,'2018','3','17'),(81,'2018','3','18'),(82,'2018','3','19'),(83,'2018','3','20'),(84,'2018','3','21'),(85,'2018','3','22'),(86,'2018','3','23'),(87,'2018','3','24'),(88,'2018','3','25'),(89,'2018','3','26'),(90,'2018','3','27'),(91,'2018','3','28'),(92,'2018','3','29'),(93,'2018','3','30'),(94,'2018','3','31'),(95,'2018','4',''),(96,'2018','4','1'),(97,'2018','4','2'),(98,'2018','4','3'),(99,'2018','4','4'),(100,'2018','4','5'),(101,'2018','4','6'),(102,'2018','4','7'),(103,'2018','4','8'),(104,'2018','4','9'),(105,'2018','4','10'),(106,'2018','4','11'),(107,'2018','4','12'),(108,'2018','4','13'),(109,'2018','4','14'),(110,'2018','4','15'),(111,'2018','4','16'),(112,'2018','4','17'),(113,'2018','4','18'),(114,'2018','4','19'),(115,'2018','4','20'),(116,'2018','4','21'),(117,'2018','4','22'),(118,'2018','4','23'),(119,'2018','4','24'),(120,'2018','4','25'),(121,'2018','4','26'),(122,'2018','4','27'),(123,'2018','4','28'),(124,'2018','4','29'),(125,'2018','4','30'),(126,'2018','5',''),(127,'2018','5','1'),(128,'2018','5','2'),(129,'2018','5','3'),(130,'2018','5','4'),(131,'2018','5','5'),(132,'2018','5','6'),(133,'2018','5','7'),(134,'2018','5','8'),(135,'2018','5','9'),(136,'2018','5','10'),(137,'2018','5','11'),(138,'2018','5','12'),(139,'2018','5','13'),(140,'2018','5','14'),(141,'2018','5','15'),(142,'2018','5','16'),(143,'2018','5','17'),(144,'2018','5','18'),(145,'2018','5','19'),(146,'2018','5','20'),(147,'2018','5','21'),(148,'2018','5','22'),(149,'2018','5','23'),(150,'2018','5','24'),(151,'2018','5','25'),(152,'2018','5','26'),(153,'2018','5','27'),(154,'2018','5','28'),(155,'2018','5','29'),(156,'2018','5','30'),(157,'2018','5','31'),(158,'2018','6',''),(159,'2018','6','1'),(160,'2018','6','2'),(161,'2018','6','3'),(162,'2018','6','4'),(163,'2018','6','5'),(164,'2018','6','6'),(165,'2018','6','7'),(166,'2018','6','8'),(167,'2018','6','9'),(168,'2018','6','10'),(169,'2018','6','11'),(170,'2018','6','12'),(171,'2018','6','13'),(172,'2018','6','14'),(173,'2018','6','15'),(174,'2018','6','16'),(175,'2018','6','17'),(176,'2018','6','18'),(177,'2018','6','19'),(178,'2018','6','20'),(179,'2018','6','21'),(180,'2018','6','22'),(181,'2018','6','23'),(182,'2018','6','24'),(183,'2018','6','25'),(184,'2018','6','26'),(185,'2018','6','27'),(186,'2018','6','28'),(187,'2018','6','29'),(188,'2018','6','30'),(189,'2018','7',''),(190,'2018','7','1'),(191,'2018','7','2'),(192,'2018','7','3'),(193,'2018','7','4'),(194,'2018','7','5'),(195,'2018','7','6'),(196,'2018','7','7'),(197,'2018','7','8'),(198,'2018','7','9'),(199,'2018','7','10'),(200,'2018','7','11'),(201,'2018','7','12'),(202,'2018','7','13'),(203,'2018','7','14'),(204,'2018','7','15'),(205,'2018','7','16'),(206,'2018','7','17'),(207,'2018','7','18'),(208,'2018','7','19'),(209,'2018','7','20'),(210,'2018','7','21'),(211,'2018','7','22'),(212,'2018','7','23'),(213,'2018','7','24'),(214,'2018','7','25'),(215,'2018','7','26'),(216,'2018','7','27'),(217,'2018','7','28'),(218,'2018','7','29'),(219,'2018','7','30'),(220,'2018','7','31'),(221,'2018','8',''),(222,'2018','8','1'),(223,'2018','8','2'),(224,'2018','8','3'),(225,'2018','8','4'),(226,'2018','8','5'),(227,'2018','8','6'),(228,'2018','8','7'),(229,'2018','8','8'),(230,'2018','8','9'),(231,'2018','8','10'),(232,'2018','8','11'),(233,'2018','8','12'),(234,'2018','8','13'),(235,'2018','8','14'),(236,'2018','8','15'),(237,'2018','8','16'),(238,'2018','8','17'),(239,'2018','8','18'),(240,'2018','8','19'),(241,'2018','8','20'),(242,'2018','8','21'),(243,'2018','8','22'),(244,'2018','8','23'),(245,'2018','8','24'),(246,'2018','8','25'),(247,'2018','8','26'),(248,'2018','8','27'),(249,'2018','8','28'),(250,'2018','8','29'),(251,'2018','8','30'),(252,'2018','8','31'),(253,'2018','9',''),(254,'2018','9','1'),(255,'2018','9','2'),(256,'2018','9','3'),(257,'2018','9','4'),(258,'2018','9','5'),(259,'2018','9','6'),(260,'2018','9','7'),(261,'2018','9','8'),(262,'2018','9','9'),(263,'2018','9','10'),(264,'2018','9','11'),(265,'2018','9','12'),(266,'2018','9','13'),(267,'2018','9','14'),(268,'2018','9','15'),(269,'2018','9','16'),(270,'2018','9','17'),(271,'2018','9','18'),(272,'2018','9','19'),(273,'2018','9','20'),(274,'2018','9','21'),(275,'2018','9','22'),(276,'2018','9','23'),(277,'2018','9','24'),(278,'2018','9','25'),(279,'2018','9','26'),(280,'2018','9','27'),(281,'2018','9','28'),(282,'2018','9','29'),(283,'2018','9','30'),(284,'2018','10',''),(285,'2018','10','1'),(286,'2018','10','2'),(287,'2018','10','3'),(288,'2018','10','4'),(289,'2018','10','5'),(290,'2018','10','6'),(291,'2018','10','7'),(292,'2018','10','8'),(293,'2018','10','9'),(294,'2018','10','10'),(295,'2018','10','11'),(296,'2018','10','12'),(297,'2018','10','13'),(298,'2018','10','14'),(299,'2018','10','15'),(300,'2018','10','16'),(301,'2018','10','17'),(302,'2018','10','18'),(303,'2018','10','19'),(304,'2018','10','20'),(305,'2018','10','21'),(306,'2018','10','22'),(307,'2018','10','23'),(308,'2018','10','24'),(309,'2018','10','25'),(310,'2018','10','26'),(311,'2018','10','27'),(312,'2018','10','28'),(313,'2018','10','29'),(314,'2018','10','30'),(315,'2018','10','31'),(316,'2018','11',''),(317,'2018','11','1'),(318,'2018','11','2'),(319,'2018','11','3'),(320,'2018','11','4'),(321,'2018','11','5'),(322,'2018','11','6'),(323,'2018','11','7'),(324,'2018','11','8'),(325,'2018','11','9'),(326,'2018','11','10'),(327,'2018','11','11'),(328,'2018','11','12'),(329,'2018','11','13'),(330,'2018','11','14'),(331,'2018','11','15'),(332,'2018','11','16'),(333,'2018','11','17'),(334,'2018','11','18'),(335,'2018','11','19'),(336,'2018','11','20'),(337,'2018','11','21'),(338,'2018','11','22'),(339,'2018','11','23'),(340,'2018','11','24'),(341,'2018','11','25'),(342,'2018','11','26'),(343,'2018','11','27'),(344,'2018','11','28'),(345,'2018','11','29'),(346,'2018','11','30'),(347,'2018','12',''),(348,'2018','12','1'),(349,'2018','12','2'),(350,'2018','12','3'),(351,'2018','12','4'),(352,'2018','12','5'),(353,'2018','12','6'),(354,'2018','12','7'),(355,'2018','12','8'),(356,'2018','12','9'),(357,'2018','12','10'),(358,'2018','12','11'),(359,'2018','12','12'),(360,'2018','12','13'),(361,'2018','12','14'),(362,'2018','12','15'),(363,'2018','12','16'),(364,'2018','12','17'),(365,'2018','12','18'),(366,'2018','12','19'),(367,'2018','12','20'),(368,'2018','12','21'),(369,'2018','12','22'),(370,'2018','12','23'),(371,'2018','12','24'),(372,'2018','12','25'),(373,'2018','12','26'),(374,'2018','12','27'),(375,'2018','12','28'),(376,'2018','12','29'),(377,'2018','12','30'),(378,'2018','12','31');

/*Table structure for table `ct_user` */

DROP TABLE IF EXISTS `ct_user`;

CREATE TABLE `ct_user` (
  `id` int(11) NOT NULL AUTO_INCREMENT,
  `tel` varchar(255) DEFAULT NULL,
  `name` varchar(255) DEFAULT NULL,
  PRIMARY KEY (`id`)
) ENGINE=InnoDB AUTO_INCREMENT=26 DEFAULT CHARSET=utf8;

/*Data for the table `ct_user` */

insert  into `ct_user`(`id`,`tel`,`name`) values (1,'19313925217','李雁'),(2,'14410679238','卫艺'),(3,'19565082510','仰莉'),(4,'19154926260','陶欣悦'),(5,'14397114174','施梅梅'),(6,'14930423697','金虹霖'),(7,'17336673697','魏明艳'),(8,'16160892861','华贞'),(9,'17405139883','华啟倩'),(10,'15647679901','仲采绿'),(11,'15781588029','卫丹'),(12,'16574556259','戚丽红'),(13,'17885275338','何翠柔'),(14,'16569963779','钱溶艳'),(15,'18101213362','钱琳'),(16,'15884588694','缪静欣'),(17,'15280214634','焦秋菊'),(18,'13319935953','吕访琴'),(19,'19342117869','沈丹'),(20,'18840172592','褚美丽'),(21,'14171709460','孙怡'),(22,'15244749863','许婵'),(23,'19602240179','曹红恋'),(24,'19683537146','吕柔'),(25,'15305526350','冯怜云');

/*!40101 SET SQL_MODE=@OLD_SQL_MODE */;
/*!40014 SET FOREIGN_KEY_CHECKS=@OLD_FOREIGN_KEY_CHECKS */;
/*!40014 SET UNIQUE_CHECKS=@OLD_UNIQUE_CHECKS */;
/*!40111 SET SQL_NOTES=@OLD_SQL_NOTES */;
